<?xml version="1.0" encoding="UTF-8"?>
<beans:beans xmlns="http://www.springframework.org/schema/security"
			 xmlns:beans="http://www.springframework.org/schema/beans"
			 xmlns:xsi="http://www.w3.org/2001/XMLSchema-instance"
			 xsi:schemaLocation="http://www.springframework.org/schema/beans http://www.springframework.org/schema/beans/spring-beans-3.0.xsd
								 http://www.springframework.org/schema/security http://www.springframework.org/schema/security/spring-security-3.0.xsd">

<!-- <http auto-config="true"> -->
<http>
	<intercept-url pattern="/messageList*" access="ROLE_USER,ROLE_ANONYMOUS" />
	<intercept-url pattern="/messagePost*" access="ROLE_USER" />
	<intercept-url pattern="/messageDelete*" access="ROLE_ADMIN" />
<!-- 	<http-basic/> -->
	<form-login login-page="/login.jsp" default-target-url="/messageList" 
				authentication-failure-url="/login.jsp?error=true"/>
	<logout logout-success-url="/login.jsp"/>				
</http>

<authentication-manager>
	<authentication-provider>
		<jdbc-user-service data-source-ref="dataSource"
				users-by-username-query="SELECT username, password, 'true' as enabled
										FROM users WHERE username = ?"
				authorities-by-username-query="SELECT users.username, authorities.authority as authorities
										FROM users, authorities WHERE users.username = ? AND users.username = authorities.username"/>
	</authentication-provider>
	
	<authentication-provider>
		<user-service>
			<user name="admin" password="secret" authorities="ROLE_ADMIN,ROLE_USER" />
			<user name="user1" password="1111" authorities="ROLE_USER" />
		</user-service>
</authentication-provider>
</authentication-manager>



</beans:beans>								 